cluster_id,source_batch,market,language,buyer_stage,intent_cluster,representative_keyword,query_variants,us_avg_12m_representative,cross_market_signal,target_url,page_role,evidence,current_performance,gap,business_fit_0_3,buyer_intent_0_3,evidence_advantage_0_3,competitiveness_0_3,demand_signal_0_3,weighted_score_0_3,priority,decision
KWM-001,commercial-us,US-discovery-plus-7-country,English,discovery,Sportswear manufacturer,sportswear manufacturer,sports apparel manufacturers | athletic wear manufacturers | sports clothing manufacturers,1560,validated-7-country,/sportswear-manufacturer/,Commercial,approved-product-and-production-assets,insufficient-gsc-query-sample,low-moq-teamwear-and-printing-noise,3,3,3,1,3,2.70,P0,keep-primary
KWM-002,commercial-us,US-discovery-plus-7-country,English,discovery,Activewear manufacturer,activewear manufacturer,activewear clothing manufacturers | activewear apparel manufacturers,436.7,validated-7-country,/sportswear-manufacturer/,Commercial,approved-product-and-production-assets,insufficient-gsc-query-sample,low-moq-startup-noise,3,3,3,1,3,2.70,P0,keep-secondary
KWM-003,commercial-us,US-discovery,English,discovery,Fitness and gym clothing manufacturer,fitness clothing manufacturer,workout clothes manufacturer | fitness wear manufacturers | gym clothing manufacturers,1112.5,cross-market-pending,/sportswear-manufacturer/,Commercial,approved-product-and-production-assets,insufficient-gsc-query-sample,country-demand-and-low-moq-noise,3,2,3,1,3,2.45,P1,validate-cross-market
KWM-004,commercial-us,US-discovery,English,discovery,Yoga clothing manufacturer,yoga clothes manufacturer,yoga wear manufacturer | yoga apparel manufacturer,954.2,cross-market-pending,/sportswear-manufacturer/,Commercial,approved-product-scope,insufficient-gsc-query-sample,womens-sets-startup-and-seamless-noise,2,2,2,1,3,1.95,P2,product-subtopic-only
KWM-005,commercial-us,US-discovery-plus-7-country,English,discovery,Custom sportswear manufacturer,custom sportswear manufacturer,custom sportswear suppliers,712.5,validated-7-country,/sportswear-manufacturer/,Commercial,approved-product-scope,insufficient-gsc-query-sample,teamwear-printing-and-low-moq-noise,2,2,2,1,3,1.95,P3,do-not-primary-target
KWM-006,commercial-us,US-discovery,English,screening,Private label and custom activewear,private label activewear manufacturer,custom activewear manufacturers | private label sportswear,46.7,cross-market-pending,/sportswear-manufacturer/,Commercial,approved-oem-model,insufficient-gsc-query-sample,startup-ready-style-and-low-moq-noise,2,2,2,1,1,1.75,P3,support-only
KWM-007,commercial-us,US-discovery,English,discovery,Sportswear supplier,sportswear suppliers,sportswear supplier,20.8,cross-market-pending,/sportswear-manufacturer/,Commercial,approved-product-and-production-assets,insufficient-gsc-query-sample,wholesale-trader-and-stock-goods-ambiguity,3,2,3,2,1,2.40,P2,support-only
KWM-008,commercial-us,US-discovery-plus-7-country,English,screening,OEM sportswear,oem sportswear,oem sportswear manufacturer,15.8,validated-US-CA-UK-NL,/sportswear-manufacturer/,Commercial,approved-oem-model-and-tech-pack-process,insufficient-gsc-query-sample,low-reported-demand,3,3,3,2,1,2.65,P1,keep-supporting
KWM-009,commercial-us,US-discovery,English,screening,Sustainable activewear manufacturer,sustainable activewear manufacturer,,13.3,cross-market-pending,/sportswear-manufacturer/,Commercial,approved-facts-only,insufficient-gsc-query-sample,certification-and-material-evidence-gate,2,2,1,1,1,1.55,P3,evidence-gate
KWM-010,commercial-us,US-discovery,English,discovery,Sportswear fabric manufacturer,sportswear fabric manufacturer,,32.5,cross-market-pending,/knitted-fabrics-manufacturer/,Commercial,approved-fabric-assets,insufficient-gsc-query-sample,garment-versus-fabric-intent-boundary,3,3,3,1,2,2.60,P1,validate-cross-market
KWM-011,product-material-us,US-discovery,English,discovery,Compression apparel manufacturer,compression shirt manufacturer,compression clothing manufacturer,473.3,cross-market-pending,/sportswear-manufacturer/,Commercial,approved-compression-product-scope,insufficient-gsc-query-sample,seasonal-spike-and-low-moq-noise,3,3,3,1,3,2.70,P1,validate-cross-market
KWM-012,product-material-us,US-discovery,English,discovery,Outdoor clothing manufacturer,outdoor clothing manufacturer,outdoor clothing suppliers | outdoor wear manufacturers,64.2,cross-market-pending,/outdoor-clothing-manufacturer/,Commercial,approved-outdoor-product-assets,insufficient-gsc-query-sample,broad-outdoor-gear-scope,3,3,3,1,2,2.60,P0,keep-primary
KWM-013,product-material-us,US-discovery,English,discovery,Hiking clothing manufacturer,hiking clothing manufacturers,,17.5,cross-market-pending,/outdoor-clothing-manufacturer/,Commercial,approved-product-scope-only,insufficient-gsc-query-sample,product-capability-boundary,2,2,2,1,1,1.75,P2,product-subtopic-only
KWM-014,product-material-us,US-discovery,English,discovery,Knitted fabric manufacturer,knitted fabric manufacturer,knit fabric supplier | knitted fabric factory | knit fabric mills,41.7,cross-market-pending,/knitted-fabrics-manufacturer/,Commercial,approved-fabric-assets,insufficient-gsc-query-sample,exact-plural-page-term-not-tested,3,3,3,2,2,2.75,P0,keep-primary
KWM-015,product-material-us,US-discovery,English,discovery,Jersey fabric supplier,jersey fabric supplier,,8.3,cross-market-pending,/knitted-fabrics-manufacturer/,Commercial,fabric-structure-evidence-needs-confirmation,insufficient-gsc-query-sample,specific-fabric-structure-evidence,3,3,2,2,1,2.45,P2,evidence-gate
KWM-016,product-material-us,US-discovery-plus-7-country,English,discovery,Merino wool clothing manufacturer,merino wool clothing manufacturer,merino clothing manufacturer,15,validated-7-country,/merino-wool-manufacturer/,Commercial,approved-merino-product-assets,insufficient-gsc-query-sample,current-title-uses-apparel-variant-with-NR,3,3,3,2,1,2.65,P0,keep-primary-cluster
KWM-017,product-material-us,US-discovery,English,discovery,Generic Merino wool manufacturer,merino wool manufacturers,,32.5,cross-market-pending,/merino-wool-manufacturer/,Commercial,approved-merino-product-assets,insufficient-gsc-query-sample,yarn-fiber-fabric-and-garment-ambiguity,2,2,2,1,2,1.85,P3,do-not-primary-target
KWM-018,product-material-us,US-discovery-plus-7-country,English,discovery,Merino base layer manufacturer,merino base layer manufacturer,,0,not-reported-7-country,/merino-wool-manufacturer/,Commercial,approved-merino-product-assets,insufficient-gsc-query-sample,natural-variant-and-demand-unknown,3,3,3,2,0,2.55,P2,support-and-observe
KWM-019,product-material-us,US-discovery,English,screening,Warp knit fabric manufacturer,warp knit fabric manufacturers,,14.2,cross-market-pending,/knitted-fabrics-manufacturer/,Commercial,capability-not-confirmed,insufficient-gsc-query-sample,equipment-and-structure-confirmation-required,1,3,0,2,1,1.45,HOLD,capability-gate
KWM-020,product-material-us,US-discovery,English,screening,Waterproof clothing manufacturer,waterproof clothing manufacturers,,8.3,cross-market-pending,/outdoor-clothing-manufacturer/,Commercial,capability-not-confirmed,insufficient-gsc-query-sample,waterproof-performance-proof-required,1,3,0,2,1,1.45,HOLD,capability-gate
KWM-021,product-material-us,US-discovery,English,discovery,Performance knitted fabric manufacturer,performance knitted fabric manufacturer,,0,US-exact-not-reported,/knitted-fabrics-manufacturer/,Commercial,approved-performance-fabric-positioning,insufficient-gsc-query-sample,natural-variant-and-country-demand-unknown,3,3,2,2,0,2.35,P2,validate-natural-variant
KWM-022,product-material-us,US-discovery-plus-7-country,English,discovery,Performance underwear manufacturer,performance underwear manufacturer,,0,not-reported-7-country,/underwear-manufacturer/,Commercial,approved-underwear-product-assets,insufficient-gsc-query-sample,exact-page-primary-not-tested,3,3,3,2,0,2.55,P1,validate-page-cluster
KWM-023,product-material-us,US-discovery-plus-7-country,English,discovery,Base layer manufacturer,base layer manufacturer,,0,not-reported-7-country,/underwear-manufacturer/,Commercial,approved-base-layer-product-scope,insufficient-gsc-query-sample,cross-page-overlap-with-outdoor-and-merino,3,3,3,1,0,2.40,P1,assign-underwear-owner-and-cross-link
KWM-024,product-material-us,US-discovery,English,discovery,Technical apparel manufacturer,technical apparel manufacturer,,0,US-exact-not-reported,/,Positioning,approved-technical-knitwear-positioning,insufficient-gsc-query-sample,broad-technical-textile-ambiguity,3,2,3,1,0,2.15,P2,positioning-support-only
KWM-025,product-material-us,US-discovery,English,screening,Knit manufacturer,knit manufacturers,,135.8,US-only,NONE,Exclude,insufficient-semantic-fit,not-applicable,sweater-flat-knit-fabric-and-garment-ambiguity,1,1,1,1,2,1.10,EXCLUDE,exclude
KWM-026,product-material-us,US-discovery,English,research,Outdoor clothing and gear companies,outdoor clothing and gear companies,,124.2,US-only,NONE,Exclude,consumer-brand-directory-intent,not-applicable,not-manufacturer-discovery,0,0,0,2,2,0.50,EXCLUDE,exclude
KWM-027,procurement-info-us,US-discovery,English,technical-confirmation,Generic clothing and garment tech pack,clothing tech pack,garment tech pack | apparel tech pack,965,cross-market-pending,/technical-knitwear-tech-pack-guide/,Guide,published-owner-approved-guide,insufficient-gsc-query-sample,broad-template-design-service-and-Nike-collision,3,2,3,1,3,2.45,P1,expand-only-after-serp-and-gsc-validation
KWM-028,procurement-info-us,US-discovery,English,technical-confirmation,Tech pack template and design service,clothing brand tech pack,clothing design tech pack | clothing tech pack example,66.7,cross-market-pending,/technical-knitwear-tech-pack-guide/,Guide,published-owner-approved-guide,insufficient-gsc-query-sample,template-download-and-designer-service-intent,1,1,1,1,2,1.10,P3,do-not-primary-target
KWM-029,procurement-info-us,US-discovery,English,technical-confirmation,Activewear and sportswear tech pack,activewear tech pack,sportswear tech pack,12.5,cross-market-pending,/technical-knitwear-tech-pack-guide/,Guide,published-owner-approved-cut-and-sew-guide,insufficient-gsc-query-sample,low-reported-demand,3,3,3,2,1,2.65,P1,keep-core-guide-cluster
KWM-030,procurement-info-us,US-discovery,English,technical-confirmation,Tech pack in apparel industry,tech pack in apparel industry,,4.2,cross-market-pending,/technical-knitwear-tech-pack-guide/,Guide,published-owner-approved-guide,insufficient-gsc-query-sample,student-and-general-education-intent,2,1,3,2,1,1.85,P2,support-only
KWM-031,procurement-info-us,US-discovery,English,due-diligence,Garment quality control,garment quality control,apparel quality control | quality control in garment industry,15,cross-market-pending,UNAPPROVED_FUTURE_QC_GUIDE,Future-Guide,owner-first-party-qc-evidence-needed,insufficient-gsc-query-sample,no-approved-dedicated-page-or-evidence-brief,3,2,1,2,1,2.00,P1,propose-content-brief-not-url
KWM-032,procurement-info-us,US-discovery,English,due-diligence,Garment QC checklist,clothing quality control checklist,garment qc checklist,10,cross-market-pending,UNAPPROVED_FUTURE_QC_GUIDE,Future-Guide,owner-first-party-qc-evidence-needed,insufficient-gsc-query-sample,no-approved-dedicated-page-or-evidence-brief,3,3,1,2,1,2.25,P1,propose-content-brief-not-url
KWM-033,procurement-info-us,US-discovery,English,due-diligence,Garment quality inspection,garment quality inspection,clothing quality inspection,10,cross-market-pending,UNAPPROVED_FUTURE_QC_GUIDE,Future-Guide,owner-first-party-qc-evidence-needed,insufficient-gsc-query-sample,inspection-stage-and-proof-boundary,3,2,1,2,1,2.00,P2,future-guide-support
KWM-034,procurement-info-us,US-discovery,English,due-diligence,Garment QC report,garment quality control report,,5.8,cross-market-pending,UNAPPROVED_FUTURE_QC_GUIDE,Future-Guide,owner-first-party-qc-evidence-needed,insufficient-gsc-query-sample,template-and-record-evidence-needed,2,2,1,2,1,1.70,P2,future-guide-support
KWM-035,procurement-info-us,US-discovery,English,due-diligence,Choose a clothing manufacturer,how to choose a clothing manufacturer,,8.3,cross-market-pending,/evaluate-technical-knitwear-oem/,Guide,published-owner-approved-oem-guide,insufficient-gsc-query-sample,startup-advice-noise,3,3,3,2,1,2.65,P1,keep-guide-cluster
KWM-036,procurement-info-us,US-discovery,English,due-diligence,Garment factory audit,garment factory audit,,3.3,cross-market-pending,/evaluate-technical-knitwear-oem/,Guide,published-owner-approved-oem-guide,insufficient-gsc-query-sample,compliance-audit-versus-production-fit-scope,3,3,2,2,1,2.45,P1,keep-guide-subtopic
KWM-037,procurement-info-us,US-discovery,English,due-diligence,Apparel supplier evaluation,apparel supplier evaluation,,0,US-exact-not-reported,/evaluate-technical-knitwear-oem/,Guide,published-owner-approved-oem-guide,insufficient-gsc-query-sample,unnatural-exact-phrase,3,3,3,2,0,2.55,P2,validate-natural-variant
KWM-038,procurement-info-us,US-discovery-plus-7-country,English,technical-confirmation,FLATLOCK vs OVERLOCK,flatlock stitch vs overlock,flatlock vs overlock | overlock vs flatlock,55,validated-7-country,/flatlock-vs-overlock-technical-knitwear/,Guide,published-owner-approved-production-guide,insufficient-gsc-query-sample,DIY-sewing-and-machine-noise,3,2,3,2,2,2.50,P0,keep-primary
KWM-039,procurement-info-us,US-discovery,English,technical-confirmation,FLATLOCK vs COVERSTITCH,flatlock stitch vs coverstitch,coverstitch vs flatlock,30.8,cross-market-pending,/flatlock-vs-overlock-technical-knitwear/,Guide,published-owner-approved-production-guide,insufficient-gsc-query-sample,adjacent-question-not-page-primary,3,2,3,2,2,2.50,P2,support-existing-guide
KWM-040,country-validation,7-country,English,discovery,Technical knitwear manufacturer,technical knitwear manufacturer,,NR,not-reported-7-country,/,Positioning,approved-homepage-positioning,insufficient-gsc-query-sample,positioning-led-term-without-demand-signal,3,2,3,1,0,2.15,P2,keep-current-until-broader-validation
KWM-041,page-gap,not-tested,English,discovery,Underwear manufacturer,underwear manufacturer,,NOT_TESTED,not-tested,/underwear-manufacturer/,Commercial,approved-underwear-page-and-assets,insufficient-gsc-query-sample,exact-current-page-primary-not-tested,3,3,3,1,0,2.40,P1,validate-page-primary
KWM-042,page-gap,not-tested,English,discovery,Silk wear manufacturer,silk wear manufacturer,,NOT_TESTED,not-tested,/silk-wear-manufacturer/,Commercial,approved-silk-page-and-assets,insufficient-gsc-query-sample,exact-current-page-primary-not-tested,3,3,3,1,0,2.40,P1,validate-page-primary
KWM-043,page-gap,not-tested,English,discovery,Sports accessories manufacturer,sports accessories manufacturer,,NOT_TESTED,not-tested,/sports-accessories-manufacturer/,Commercial,approved-accessories-page-and-assets,insufficient-gsc-query-sample,exact-current-page-primary-not-tested,3,3,3,1,0,2.40,P1,validate-page-primary
KWM-044,page-gap,not-tested,English,screening,OEM knitwear services,oem knitwear services,sampling to bulk production | knitwear production services,NOT_TESTED,not-tested,/services/,Process,approved-services-process,insufficient-gsc-query-sample,natural-query-language-not-tested,3,3,3,1,0,2.40,P2,process-support-not-commercial-cannibalization
KWM-045,page-gap,not-tested,English,technical-confirmation,Technical knitwear guides,technical knitwear guides,performance knitwear production guides,NOT_TESTED,not-tested,/technical-guides/,Hub,published-guides-hub,insufficient-gsc-query-sample,hub-demand-not-tested,2,1,3,2,0,1.75,P3,keep-navigation-hub
