keyword,US,CA,UK,NL,SE,NO,FI
activewear manufacturer,480,30,110,10,10,10,10
activewear oem manufacturer,NR,NR,NR,NR,NR,NR,NR
apparel manufacturer quality control checklist,NR,NR,NR,NR,NR,NR,NR
apparel supplier evaluation checklist,NR,NR,NR,NR,NR,NR,NR
base layer manufacturer,NR,NR,NR,NR,NR,NR,NR
custom sportswear manufacturer,720,10,20,10,10,10,10
flatlock seam for activewear,NR,NR,NR,NR,NR,NR,NR
flatlock vs overlock,50,10,10,10,10,10,10
how to evaluate an apparel manufacturer,NR,NR,NR,NR,NR,NR,NR
merino base layer manufacturer,NR,NR,NR,NR,NR,NR,NR
merino wool apparel manufacturer,NR,NR,NR,NR,NR,NR,NR
merino wool clothing manufacturer,10,10,10,10,10,10,10
merino wool garment manufacturer,NR,NR,NR,NR,NR,NR,NR
oem sportswear manufacturer,10,10,10,10,0,0,0
performance apparel manufacturer,NR,NR,NR,NR,NR,NR,NR
performance underwear manufacturer,NR,NR,NR,NR,NR,NR,NR
sportswear manufacturer,1600,70,260,20,10,10,10
sportswear oem manufacturer,NR,NR,NR,NR,NR,NR,NR
sportswear tech pack requirements,NR,NR,NR,NR,NR,NR,NR
technical apparel tech pack,NR,NR,NR,NR,NR,NR,NR
technical knitwear manufacturer,NR,NR,NR,NR,NR,NR,NR
