keyword,US,CA,UK,NL,SE,NO,FI,north_america_total,europe_total,seven_market_total,reported_markets
sportswear manufacturer,1600,70,320,50,10,10,10,1670,400,2070,7
clothing tech pack,880,140,390,50,30,20,10,1020,500,1520,7
fitness clothing manufacturer,880,20,40,10,10,10,10,900,80,980,7
activewear manufacturer,480,40,140,10,10,10,10,520,180,700,7
yoga clothes manufacturer,590,10,20,10,10,10,10,600,60,660,7
underwear manufacturer,480,30,70,10,10,10,10,510,110,620,7
gym clothing manufacturers,260,20,110,10,10,10,10,280,150,430,7
compression shirt manufacturer,260,10,10,10,10,10,10,270,50,320,7
outdoor clothing manufacturer,90,10,70,10,10,10,10,100,110,210,7
apparel tech pack,70,10,10,10,10,10,10,80,50,130,7
knitted fabric manufacturer,70,10,10,10,10,10,10,80,50,130,7
sportswear suppliers,40,10,40,10,10,10,10,50,80,130,7
sportswear fabric manufacturer,70,10,10,10,10,10,0,80,40,120,7
flatlock stitch vs overlock,50,10,10,10,10,10,10,60,50,110,7
garment quality control,30,10,40,10,10,10,0,40,70,110,7
flatlock stitch vs coverstitch,30,10,10,10,10,10,10,40,50,90,7
merino wool clothing manufacturer,20,10,10,10,10,10,10,30,50,80,7
clothing quality control checklist,20,10,10,10,10,0,10,30,40,70,7
sportswear tech pack,10,10,10,10,10,10,10,20,50,70,7
activewear tech pack,10,10,10,10,10,10,0,20,40,60,7
oem sportswear manufacturer,10,10,10,10,10,0,10,20,40,60,7
how to choose a clothing manufacturer,10,10,10,10,NR,10,NR,20,30,50,5
sports accessories manufacturer,10,0,10,0,10,0,10,10,30,40,7
garment factory audit,10,0,10,10,NR,NR,0,10,20,30,5
base layer manufacturer,NR,NR,NR,NR,NR,NR,NR,0,0,0,0
performance underwear manufacturer,NR,NR,NR,NR,NR,NR,NR,0,0,0,0
silk wear manufacturer,NR,NR,NR,NR,NR,NR,NR,0,0,0,0
technical knitwear manufacturer,NR,NR,NR,NR,NR,NR,NR,0,0,0,0
